alvo,categoria,canal,link_recomendado,status,data_contato,data_publicacao,url_publicada,observacoes
Coletivo local,coletivo,mensagem direta,https://www.alexandrevrabandonada.online/?utm_source=coletivo_local&utm_medium=link&utm_campaign=pre_campanha_alexandre_vr_abandonada,pendente,,,,"Usar apenas se houver relacao real com territorio ou pauta publica"
Blog local,blog,email editorial,https://www.alexandrevrabandonada.online/pre-campanha-volta-redonda?utm_source=blog_local&utm_medium=editorial&utm_campaign=pre_campanha_alexandre_vr_abandonada,pendente,,,,"Enviar como sugestao de pauta local"
Imprensa local,imprensa,email ou WhatsApp de pauta,https://www.alexandrevrabandonada.online/quem-e-alexandre-vr-abandonada?utm_source=imprensa_local&utm_medium=pauta&utm_campaign=pre_campanha_alexandre_vr_abandonada,pendente,,,,"Enviar informacoes institucionais e contato"
Apoiador com perfil publico,apoiador,bio ou postagem,https://www.alexandrevrabandonada.online/?utm_source=apoiador&utm_medium=link&utm_campaign=pre_campanha_alexandre_vr_abandonada,pendente,,,,"Publicacao espontanea sem automacao"
Grupo de WhatsApp pertinente,whatsapp,mensagem em grupo,https://www.alexandrevrabandonada.online/?utm_source=whatsapp&utm_medium=share&utm_campaign=pre_campanha_alexandre_vr_abandonada,pendente,,,,"Usar somente em grupos onde o assunto e adequado"
Instagram oficial,rede social,bio,https://www.alexandrevrabandonada.online/?utm_source=instagram&utm_medium=bio&utm_campaign=pre_campanha_alexandre_vr_abandonada,pendente,,,,"Link principal da bio"
Instagram stories,rede social,story,https://www.alexandrevrabandonada.online/?utm_source=instagram&utm_medium=story&utm_campaign=pre_campanha_alexandre_vr_abandonada,pendente,,,,"Usar em chamada para conhecer a pre-campanha"
Facebook,rede social,post,https://www.alexandrevrabandonada.online/?utm_source=facebook&utm_medium=post&utm_campaign=pre_campanha_alexandre_vr_abandonada,pendente,,,,"Post sem pedido de voto e sem numero eleitoral"
Material de voluntarios,material impresso ou digital,QR/link,https://www.alexandrevrabandonada.online/?utm_source=voluntarios&utm_medium=material&utm_campaign=pre_campanha_alexandre_vr_abandonada,pendente,,,,"Usar em apresentacao e materiais de apoio"
